tempo,key,spectral_centroid_mean,spectral_centroid_std,spectral_rolloff_mean,spectral_bandwidth_mean,zcr_mean,zcr_std,mfcc_0_mean,mfcc_0_std,mfcc_1_mean,mfcc_1_std,mfcc_2_mean,mfcc_2_std,mfcc_3_mean,mfcc_3_std,mfcc_4_mean,mfcc_4_std,mfcc_5_mean,mfcc_5_std,mfcc_6_mean,mfcc_6_std,mfcc_7_mean,mfcc_7_std,mfcc_8_mean,mfcc_8_std,mfcc_9_mean,mfcc_9_std,mfcc_10_mean,mfcc_10_std,mfcc_11_mean,mfcc_11_std,mfcc_12_mean,mfcc_12_std,chroma_mean,chroma_std,rms_mean,rms_std,tonnetz_mean,tonnetz_std,file_path,success,peak_rank,weeks-on-board
123.046875,A major,2631.69787151953,689.7761898333268,5434.6254708966235,2548.5598179732265,0.11633527537248452,0.06019196013051906,-161.400390625,56.62787628173828,70.257568359375,26.18260955810547,-7.798216819763184,14.722443580627441,39.00700378417969,11.753801345825195,10.511212348937988,9.583142280578613,16.406055450439453,8.600590705871582,3.83066463470459,8.94043254852295,11.156213760375977,7.038511276245117,2.8818552494049072,6.896606922149658,6.598021984100342,7.668143272399902,1.111976146697998,7.976290225982666,0.750420331954956,6.664458751678467,-2.592170000076294,6.465102672576904,0.4343317449092865,0.29432180523872375,0.06498615443706512,0.024774163961410522,0.0028270854769044417,0.10950277068800815,music\KC - Give It Up.mp3,1,18,21
89.10290948275862,D major,1876.364572257154,743.8096682093313,3760.0522634783765,2050.8612962989705,0.07928788034539473,0.044351609533127626,-198.39794921875,69.05543518066406,108.20954895019531,28.785268783569336,-16.545759201049805,22.730575561523438,31.78676986694336,19.6086368560791,0.5778208374977112,14.347777366638184,2.994056463241577,13.080310821533203,-0.36501121520996094,10.421229362487793,11.381559371948242,9.100213050842285,-4.553917407989502,10.016822814941406,1.6226626634597778,8.96423053741455,-5.5731072425842285,8.600507736206055,4.645473003387451,8.584667205810547,-2.0758378505706787,7.309755325317383,0.3256613314151764,0.3130755126476288,0.07529669255018234,0.03434741497039795,-0.0023126654460900896,0.1310123738580862,music\Johnny Nash - Hold Me Tight.mp3,1,5,15
123.046875,C major,2021.9691243855623,543.3091119464727,3990.90086756845,2150.3188795948636,0.1003814791747291,0.03853008244186165,-53.96540069580078,45.00189208984375,104.31114196777344,27.777393341064453,-19.948572158813477,17.87434959411621,32.088592529296875,15.64387321472168,4.921453952789307,11.900775909423828,1.9625715017318726,10.002182960510254,-0.8354296684265137,9.912516593933105,-0.9851517081260681,7.602138996124268,-6.670751094818115,7.923290252685547,5.928974151611328,9.249077796936035,-4.201160430908203,7.409399509429932,1.599938154220581,7.3518757820129395,-0.7054384350776672,7.420633316040039,0.3913218379020691,0.28980496525764465,0.19243566691875458,0.06082139536738396,0.03742110042166585,0.11019861964038054,music\Archie Bell & The Drells - I Can't Stop Dancing.mp3,1,9,10
95.703125,C# minor,2856.7837179624166,859.6581263226113,5718.382088392512,2599.985549903227,0.14817219548181115,0.06560172055545592,-19.988248825073242,58.80484390258789,69.00287628173828,34.78871536254883,-3.1209604740142822,17.423460006713867,27.03615951538086,13.112590789794922,0.9895943403244019,11.461052894592285,13.876214981079102,10.592511177062988,-1.3103141784667969,8.609989166259766,10.363097190856934,9.254228591918945,3.2984869480133057,8.400395393371582,5.726077079772949,8.250775337219238,-6.004579544067383,7.098025798797607,3.011143684387207,7.54019021987915,-3.7852442264556885,7.581175327301025,0.44237807393074036,0.2886900305747986,0.2097199559211731,0.05700211971998215,0.014219987931029614,0.08870829877223345,music\Freddy Cannon - Tallahassee Lassie.mp3,1,6,15
151.99908088235293,D# minor,3257.8782618914056,1307.439741263021,7014.965914794166,3083.0342565476362,0.13890959087171054,0.1171866864913842,-111.17183685302734,62.478065490722656,59.362281799316406,37.78120803833008,29.0429630279541,31.248435974121094,5.885885715484619,21.135942459106445,0.13489317893981934,15.520559310913086,-1.5998661518096924,15.951141357421875,1.0058828592300415,13.524285316467285,-0.4641455411911011,13.93674087524414,-2.065110445022583,13.632549285888672,5.534125804901123,13.152703285217285,-10.523067474365234,11.691558837890625,6.969987869262695,11.08106803894043,-1.0349527597427368,9.963809967041016,0.35151776671409607,0.3138904571533203,0.16426981985569,0.07947497814893723,0.05074829488580851,0.1717176308569687,music\Paula DeAnda Featuring The DEY - Walk Away (Remember Me).mp3,1,18,22
135.99917763157896,A minor,2260.9336333695683,858.170801838872,4141.433290652815,1943.7017626984484,0.13387938697271673,0.058638902379871224,-218.50563049316406,71.9677963256836,104.02371215820312,49.58332443237305,-52.04286575317383,30.55274200439453,-1.276012659072876,20.326526641845703,-20.5855655670166,16.872888565063477,-4.548547744750977,10.173710823059082,-5.372086524963379,9.291918754577637,-1.3199149370193481,10.444787979125977,-3.0815253257751465,7.714970111846924,0.5911531448364258,11.074304580688477,-3.224754810333252,8.103903770446777,1.5427922010421753,7.9605607986450195,-4.1183037757873535,6.968860149383545,0.40185245871543884,0.2973922789096832,0.03726600855588913,0.020915040746331215,0.00019277410132199248,0.115606317689112,music\Van Halen - Dance The Night Away.mp3,1,15,15
99.38401442307692,D minor,2157.3625827303945,1280.7390235196576,4609.505460284443,2577.989890391018,0.08703651073916409,0.09855491270728475,-106.24103546142578,58.7455940246582,100.59891510009766,49.67703628540039,30.748863220214844,23.326478958129883,19.414691925048828,19.6108455657959,10.304099082946777,16.360157012939453,8.229454040527344,13.824634552001953,7.772934913635254,12.358162879943848,-0.6566430330276489,11.71038818359375,-1.267390489578247,10.184521675109863,1.3266558647155762,11.045492172241211,-4.745070457458496,9.134103775024414,-3.733520030975342,9.802705764770508,-9.782039642333984,9.071227073669434,0.35167378187179565,0.3096177577972412,0.23475320637226105,0.1073676198720932,-0.07880491227131618,0.19563664346064397,music\Charlie Puth - Attention.mp3,1,5,40
135.99917763157896,F major,2020.5516554650446,478.6883218461806,3976.0592906467687,1834.8371369832655,0.11747170085139319,0.04514864257693099,-90.77996826171875,38.00063705444336,116.56107330322266,24.85637664794922,-40.87895202636719,12.314020156860352,45.224571228027344,14.007173538208008,-30.570293426513672,12.575754165649414,12.426155090332031,10.80438232421875,-7.2693610191345215,10.547268867492676,-4.1653151512146,8.08379077911377,-6.799856185913086,8.009737968444824,-0.5389285683631897,8.857963562011719,-1.039520502090454,10.276424407958984,2.1174991130828857,8.532371520996094,-0.6804420351982117,8.979100227355957,0.31338927149772644,0.29651883244514465,0.13576087355613708,0.02664591372013092,0.04566983949066214,0.1278945307564403,music\Pat Boone - Big Cold Wind.mp3,1,19,9
83.35433467741936,A minor,2197.643070354895,692.4234549245474,4269.3991835272345,2226.956646465466,0.11339727348587461,0.05150111646631075,-162.4793701171875,53.020809173583984,102.32466888427734,30.968875885009766,-28.122838973999023,20.64789581298828,14.996644020080566,15.595453262329102,24.029666900634766,12.413045883178711,2.918018341064453,9.004122734069824,-11.256265640258789,9.208288192749023,13.542584419250488,8.798595428466797,-1.1480401754379272,8.110944747924805,8.829385757446289,8.556283950805664,-6.384631156921387,7.259913921356201,4.596236228942871,6.703096389770508,0.852745532989502,6.642611980438232,0.39267590641975403,0.29651200771331787,0.06720401346683502,0.01805129088461399,-0.01271950568616792,0.14051010951255333,music\The Capitols - Cool Jerk.mp3,1,7,14
107.666015625,B major,2367.8386694846104,803.972364129392,5361.667578729683,2577.609720031281,0.09318159829721362,0.07141312573556707,-139.47657775878906,72.37175750732422,86.96269989013672,27.43401336669922,11.94781494140625,21.343050003051758,24.839149475097656,13.261153221130371,-3.621168851852417,15.300671577453613,16.123680114746094,10.543377876281738,-3.598325490951538,9.990484237670898,11.389240264892578,8.624953269958496,-2.486769437789917,8.636409759521484,3.648716449737549,7.816011428833008,-0.6325680613517761,7.941003799438477,3.7619848251342773,7.349262237548828,-2.2145206928253174,7.443099498748779,0.37798354029655457,0.3169887363910675,0.1027495414018631,0.04305942729115486,-0.050863352997095955,0.13502494499800116,music\The Impressions - It's All Right.mp3,1,4,14
143.5546875,F minor,1732.806334644143,448.453877453379,3516.3120706753098,2022.3375326316434,0.08430372303115326,0.025021263611574054,-86.26890563964844,26.349271774291992,128.7841033935547,21.058170318603516,-13.97403621673584,16.456344604492188,19.533775329589844,14.899556159973145,-6.6575212478637695,11.715996742248535,1.74834144115448,9.408616065979004,2.494889259338379,9.861130714416504,-6.137480735778809,8.256217002868652,-10.269795417785645,10.5118989944458,2.8413493633270264,8.645591735839844,-10.833845138549805,8.220598220825195,2.2274973392486572,7.499871730804443,-10.105910301208496,7.723580360412598,0.31968870759010315,0.29250437021255493,0.15537096560001373,0.02184348739683628,0.03275027800060759,0.12747629353291848,music\PETULA CLARK - A SIGN OF THE TIMES.mp3,1,11,8
135.99917763157896,C major,1315.7537029879416,678.1710119130819,2606.167574194563,1915.9835209230137,0.05123513992356811,0.025027480945074135,-266.41650390625,82.7193603515625,140.24383544921875,42.243133544921875,39.15304946899414,25.37566566467285,14.0652494430542,17.95698356628418,-0.591040849685669,17.017162322998047,9.92689037322998,12.772895812988281,-4.053427696228027,13.118051528930664,-9.965048789978027,10.344120979309082,-7.207883834838867,10.009864807128906,-0.17709165811538696,10.452165603637695,-7.792240142822266,8.363174438476562,-8.348552703857422,9.531227111816406,-11.229388236999512,10.729462623596191,0.2729378044605255,0.29759395122528076,0.07778069376945496,0.03388751670718193,0.10425999783923065,0.21589390766208402,music\Roberta Flack - Making Love.mp3,1,13,21
123.046875,C major,2762.3337095267048,547.4325290568833,5682.748970527767,2460.2023959348653,0.15800206801470587,0.0507329304205668,-74.20240783691406,41.7419548034668,77.1510009765625,20.529386520385742,-19.932016372680664,19.23816680908203,32.94955825805664,14.836705207824707,-5.446518898010254,11.942452430725098,20.07794952392578,10.885722160339355,-13.99247932434082,9.851997375488281,11.618412017822266,7.945346355438232,-3.9641647338867188,8.338993072509766,9.254167556762695,7.338048934936523,-9.287205696105957,7.672842979431152,7.156132221221924,6.970224857330322,-4.719217777252197,7.2118449211120605,0.392172634601593,0.2852162718772888,0.1081346645951271,0.03811127692461014,0.06078017212050053,0.13783240003312153,music\Sonny & Cher - The Beat Goes On.mp3,1,6,11
64.599609375,A# major,2481.4410735189676,1087.1137279469635,5447.133728594234,2661.0851869988005,0.10998686326915634,0.0806692125673735,-155.58470153808594,61.455326080322266,95.3250732421875,34.04412841796875,6.63360071182251,23.458444595336914,15.187905311584473,17.20355796813965,18.250667572021484,10.81525707244873,5.041937828063965,10.14812183380127,-1.1135743856430054,9.345044136047363,5.903539657592773,8.133402824401855,-7.837355613708496,9.38083553314209,1.3887773752212524,8.59550666809082,-2.738919496536255,9.073650360107422,0.17393933236598969,8.626822471618652,0.6282126307487488,7.895971298217773,0.35004714131355286,0.29348066449165344,0.07420537620782852,0.022638047114014626,0.00035746386253993404,0.2463085657780933,music\Westlife - Swear It Again.mp3,1,20,20
69.83741554054055,C# major,1859.3366071742646,806.6669062798428,3901.8180729065884,2289.400231086813,0.07546590799148607,0.055666557435415424,-244.00381469726562,57.169898986816406,115.62667846679688,29.074241638183594,10.953802108764648,20.08169174194336,19.992887496948242,15.867744445800781,11.18854808807373,13.296576499938965,8.38973617553711,14.154162406921387,0.6129739284515381,11.590943336486816,5.925222873687744,10.175420761108398,-8.287172317504883,10.960719108581543,7.744986534118652,10.960631370544434,-6.157034397125244,8.138911247253418,-0.31998392939567566,7.693887233734131,4.508339881896973,9.551946640014648,0.3105435371398926,0.299321711063385,0.046617768704891205,0.02059844508767128,-0.03616188075390065,0.23769377603473626,music\Helen Reddy - You're My World.mp3,1,18,22
86.1328125,D# major,2124.0839960626054,1192.1046439579243,4608.997130024913,2638.526056570958,0.0633318165876548,0.0713910342520546,-300.6862487792969,97.72895812988281,82.35648345947266,37.87150573730469,45.36321258544922,34.936279296875,23.11117935180664,24.45058822631836,4.035687446594238,17.69603729248047,4.511995792388916,20.854045867919922,8.890350341796875,16.90514373779297,4.164195537567139,15.586445808410645,6.5394721031188965,13.915979385375977,10.67353343963623,13.220111846923828,-3.3629298210144043,11.16640853881836,2.8020033836364746,10.079906463623047,-2.8304004669189453,10.028489112854004,0.43545109033584595,0.3210631012916565,0.07623454183340073,0.050850559026002884,-0.005470394934849072,0.1327724306947728,music\Brandy - I Wanna Be Down.mp3,1,6,28
129.19921875,F# major,2200.824102054355,749.2246242187659,4345.090392499516,2208.479766404825,0.112548828125,0.06517392211649072,-97.58122253417969,54.21266555786133,96.95203399658203,33.1035270690918,-19.32123565673828,17.42013931274414,26.35247039794922,15.5596342086792,2.1507728099823,13.428877830505371,4.657841682434082,9.237236022949219,-7.884059429168701,10.144705772399902,3.1581759452819824,9.702006340026855,-7.833316326141357,8.457198143005371,3.9010579586029053,9.074990272521973,-4.775178909301758,7.95265531539917,-1.0557622909545898,8.080833435058594,-7.905060291290283,8.584931373596191,0.3145030736923218,0.30239197611808777,0.14076030254364014,0.04774082452058792,-0.023780622793036617,0.12915777226458042,music\James Darren - Conscience.mp3,1,11,10
123.046875,A# major,1774.2993585158092,703.4697572031278,3565.48677332261,2122.127305309945,0.069157178187887,0.047385935526209115,-85.0804443359375,56.30807113647461,118.58425903320312,29.374183654785156,-7.727502822875977,16.287731170654297,29.24135971069336,12.365042686462402,12.622910499572754,13.801139831542969,5.654116630554199,10.146516799926758,-3.9937994480133057,9.581174850463867,12.186598777770996,9.150165557861328,-8.520851135253906,11.02431583404541,0.006745424121618271,8.736988067626953,0.8827643990516663,9.552453994750977,1.4308626651763916,6.477081298828125,-5.045429229736328,6.078436374664307,0.3848027288913727,0.2989400625228882,0.1855548620223999,0.05672929808497429,0.007311315970929827,0.13430569094277164,music\Elvis Presley With The Jordanaires - Good Luck Charm.mp3,1,1,13
172.265625,C minor,2504.664960518114,976.7983920246654,5340.817704806018,2599.4512724805527,0.1085148389125387,0.07010491204095996,-125.50645446777344,83.1350326538086,80.30776977539062,38.063926696777344,13.995064735412598,27.432342529296875,25.636816024780273,18.20875358581543,8.48751449584961,16.73792266845703,8.53038215637207,13.55778694152832,-3.477285385131836,12.970124244689941,12.083065032958984,11.27045726776123,-3.331963300704956,9.868780136108398,2.028496503829956,10.756268501281738,-1.4704194068908691,8.387367248535156,1.5241355895996094,10.277064323425293,-4.943502426147461,9.87176513671875,0.34331196546554565,0.29801663756370544,0.12825903296470642,0.05435524508357048,0.04146194442995871,0.2385461670311258,music\Percy Sledge - Take Time To Know Her.mp3,1,11,14
151.99908088235293,E major,2257.3795019518534,681.0456436734302,5149.985525408765,2648.82209836654,0.0744371916118421,0.03608041486534529,-66.36798858642578,55.17000198364258,91.28239440917969,19.437488555908203,10.562570571899414,19.441028594970703,24.734512329101562,13.209635734558105,9.403438568115234,11.16040325164795,13.859119415283203,8.117655754089355,5.0188493728637695,7.8090620040893555,5.765414714813232,7.753748893737793,2.481107711791992,7.15958309173584,5.2439093589782715,7.142833232879639,1.2852940559387207,7.651821136474609,3.454702854156494,6.988644123077393,-4.051216125488281,6.758945465087891,0.3699452579021454,0.2943677008152008,0.1964673548936844,0.03770214691758156,-0.02503924147841869,0.23643941442298838,music\David Cook - The Time Of My Life.mp3,1,3,20
107.666015625,B major,2898.0009699053485,599.7703427391045,5723.640389929615,2519.0348033517776,0.15590419710236067,0.05986507386717231,-9.4989013671875,41.61308670043945,60.839481353759766,22.172378540039062,-13.759186744689941,15.86008358001709,40.00763702392578,12.135112762451172,6.872677326202393,10.171239852905273,20.76612663269043,8.605569839477539,-1.011176586151123,8.646622657775879,13.330032348632812,7.578857421875,3.8500757217407227,8.416653633117676,12.310445785522461,7.482082366943359,1.7618601322174072,6.586690425872803,6.218814849853516,6.948486328125,-2.3355815410614014,7.008098602294922,0.437940776348114,0.2919382154941559,0.22417213022708893,0.05717592313885689,-0.036740762386691043,0.10359760526174054,music\STEVIE WONDER - I'M WONDERING.mp3,1,12,8
161.4990234375,D# major,2674.7956751530537,357.7198149935267,4938.111806580157,2325.413066026443,0.15908180449400156,0.03719252288108003,-42.65525436401367,26.254413604736328,72.96211242675781,13.952520370483398,-38.45583724975586,16.981279373168945,14.885801315307617,12.530314445495605,-4.2903618812561035,10.93845272064209,0.18622525036334991,9.371418952941895,2.021311044692993,8.569890975952148,4.859203338623047,8.671384811401367,-10.21291446685791,8.463081359863281,7.414812088012695,7.50874137878418,1.925025224685669,7.652798175811768,4.054119110107422,5.67963981628418,1.457939624786377,5.908108711242676,0.40178927779197693,0.2848852276802063,0.14469970762729645,0.04335079342126846,0.008638511590699584,0.1332246815458405,music\The Beatles - Matchbox.mp3,1,17,8
95.703125,A major,734.5331957081029,311.94176885980977,1191.809459957914,1259.8915900704064,0.027554255151896283,0.015915597542618204,-314.9847106933594,56.0298957824707,174.43426513671875,22.076099395751953,14.953608512878418,23.063289642333984,39.874542236328125,17.79771614074707,15.064743041992188,13.658088684082031,3.4627609252929688,12.05313777923584,10.860553741455078,10.062938690185547,4.09360933303833,9.307535171508789,0.47770553827285767,8.47754955291748,1.9835163354873657,9.129874229431152,-4.189518928527832,7.945924282073975,-1.5864722728729248,7.032700538635254,-2.187330484390259,7.330225944519043,0.27842339873313904,0.3130631744861603,0.0716347023844719,0.032794322818517685,0.018313886000969476,0.2130216580477403,music\Oliver - Jean.mp3,1,2,14
161.4990234375,A# major,2840.258673602125,721.1457604313127,5877.997789884868,2670.8304096488187,0.14322815886222912,0.06901081330289802,-20.794292449951172,35.374385833740234,69.08728790283203,23.077730178833008,-6.326358795166016,19.472929000854492,30.894227981567383,13.392376899719238,7.377986907958984,11.301423072814941,13.310489654541016,10.75190258026123,2.0179407596588135,9.580520629882812,7.035348415374756,8.871734619140625,5.522170543670654,8.055752754211426,6.660785675048828,7.2984938621521,-1.1081302165985107,7.3937482833862305,6.103118896484375,5.812148094177246,-4.9159836769104,7.7126970291137695,0.47765135765075684,0.28405168652534485,0.20332610607147217,0.04688846692442894,0.007128509089846153,0.08840375711648718,music\Avril Lavigne - Girlfriend.mp3,1,1,24
112.34714673913044,D minor,1347.5364328860414,689.2349905955156,2892.0575121238876,1934.4932810346402,0.04601521683920279,0.03387839130070396,-231.00341796875,90.08174896240234,133.98947143554688,31.93536376953125,33.01421356201172,25.894975662231445,29.78346824645996,15.644415855407715,-2.173466920852661,15.485179901123047,19.182722091674805,12.537492752075195,-6.109222888946533,12.548320770263672,9.65771770477295,9.187345504760742,0.4285513460636139,7.954360485076904,6.980346202850342,9.014019966125488,3.690540075302124,7.587799072265625,1.2053396701812744,7.785240173339844,2.4642245769500732,6.633635997772217,0.38482046127319336,0.30114561319351196,0.08956180512905121,0.04988319054245949,-0.06461085441950676,0.17324163967978548,music\Lionel Richie - You Are.mp3,1,4,18
161.4990234375,F# minor,2654.1271747282212,1070.7739446733417,5894.756021883465,2824.632846708319,0.1152313515866873,0.09976338883146278,-101.30721282958984,62.63883590698242,78.105224609375,39.167423248291016,10.937698364257812,22.376691818237305,14.887078285217285,17.98708152770996,8.393749237060547,14.012513160705566,-6.010307788848877,13.644102096557617,1.7504998445510864,11.647237777709961,-3.827869415283203,12.685239791870117,-2.166785478591919,12.154582023620605,1.1843937635421753,10.919443130493164,-3.778625965118408,10.12178897857666,2.20467472076416,8.747197151184082,-7.663067817687988,9.040862083435059,0.34691083431243896,0.3123636245727539,0.1610918492078781,0.07119899988174438,-0.020702696348385476,0.17055910836961224,music\Justin Bieber - Mistletoe.mp3,1,11,10
103.359375,G major,3200.5986704751404,731.3287706714171,6830.500363565451,2920.7229463860317,0.15720010763351394,0.07195405530015798,15.263193130493164,24.365310668945312,62.5662841796875,19.12894630432129,5.2536773681640625,15.346508026123047,20.53018569946289,12.304412841796875,4.569462299346924,9.805641174316406,9.869318962097168,8.001507759094238,0.9817962050437927,7.169922351837158,8.629688262939453,7.866976737976074,-6.777144432067871,7.069593906402588,2.9134063720703125,7.032942295074463,2.5233168601989746,7.459450721740723,4.657139778137207,6.94495153427124,-2.0976924896240234,6.912994384765625,0.41800931096076965,0.27855703234672546,0.25129902362823486,0.06584692746400833,0.0023800300604596377,0.10601101762388963,music\Men Without Hats - The Safety Dance.mp3,1,3,24
143.5546875,G# major,2693.3917982430407,770.7613015642139,5510.633344620743,2665.2540269144038,0.12921501608455882,0.05661364628707298,-100.3565902709961,47.94929504394531,77.7199478149414,24.857620239257812,-0.5556427240371704,21.496809005737305,35.3535041809082,15.948202133178711,10.101560592651367,14.69953727722168,0.6415584683418274,10.52608871459961,7.985665798187256,11.472325325012207,-1.8632404804229736,9.10365104675293,-5.5655694007873535,7.059909820556641,4.5688018798828125,10.139503479003906,-10.510566711425781,6.907445907592773,6.6035475730896,7.65571928024292,-6.009497165679932,6.605016231536865,0.399135947227478,0.2898472845554352,0.1047452911734581,0.02708573080599308,-0.0073780938212192225,0.11176174794266,music\We Five - You Were On My Mind.mp3,1,3,15
184.5703125,F major,1912.3141829331155,769.0307677144033,3880.3432027621902,2161.7274688291814,0.08535776049729102,0.04829549274374264,-157.1580047607422,73.43978118896484,116.93901062011719,32.36778259277344,-0.9133751392364502,28.161949157714844,27.885587692260742,17.414398193359375,1.3725850582122803,12.693839073181152,5.808093547821045,12.131730079650879,-4.607315540313721,10.271727561950684,5.798802375793457,10.10713005065918,-6.84612512588501,8.36203384399414,2.4263031482696533,9.801735877990723,-4.865545749664307,7.409835338592529,3.7794675827026367,7.561464309692383,-1.8398460149765015,7.327182769775391,0.35745373368263245,0.2857635021209717,0.0912255123257637,0.038138292729854584,0.054781436399191606,0.18098621025637676,music\Deniece Williams - It's Gonna Take A Miracle.mp3,1,10,17
86.1328125,C major,1947.9558369835756,691.8487123322069,4163.0248267584175,2294.654171756225,0.08470697078173374,0.04936059354036103,-166.86862182617188,50.105804443359375,111.54164123535156,29.94961166381836,0.7212324142456055,19.885095596313477,21.495464324951172,12.831933975219727,0.03889073058962822,11.688899040222168,5.427090167999268,9.771053314208984,3.408177375793457,8.426017761230469,7.706849098205566,8.734932899475098,-3.3516592979431152,10.374855995178223,7.104712963104248,8.289153099060059,-2.6893060207366943,7.621035575866699,-3.43324613571167,7.376344680786133,-5.673950672149658,6.472250938415527,0.34612858295440674,0.2930847406387329,0.07157697528600693,0.022459132596850395,0.08650438463218232,0.17073432086645587,music\Jefferson Starship - Runaway.mp3,1,12,16
117.45383522727273,G minor,2033.0141413131441,494.0097637099543,3731.060772119292,1879.6114824548229,0.1269844929131192,0.043922487503103576,-111.66834259033203,65.46833038330078,109.68754577636719,30.60685920715332,-43.14516067504883,24.203535079956055,27.19007682800293,17.86824607849121,-2.019519090652466,14.419422149658203,-4.0112810134887695,12.481329917907715,-7.968000411987305,10.232619285583496,2.48746919631958,8.759235382080078,-11.795443534851074,11.084229469299316,1.9333393573760986,9.158685684204102,-1.7793941497802734,8.751541137695312,-1.587754249572754,8.34316349029541,-3.6288139820098877,7.944060802459717,0.37141403555870056,0.29179492592811584,0.12435595691204071,0.0650082603096962,0.003146752077803971,0.15898325390414575,music\Steve Martin And The Toot Uncommons - King Tut.mp3,1,17,15
117.45383522727273,A# minor,2465.446323413349,964.173984483481,5050.302794843266,2422.096263538858,0.1198787157749613,0.07038650427105236,-188.0529022216797,86.6535873413086,91.36192321777344,42.018768310546875,-4.475884914398193,31.811243057250977,23.387094497680664,15.628994941711426,5.721814155578613,14.420755386352539,6.660288333892822,11.151116371154785,0.7024666666984558,11.098284721374512,5.284191608428955,8.397228240966797,-3.4826905727386475,10.116212844848633,12.804702758789062,8.966996192932129,-1.566624641418457,8.160955429077148,6.411260604858398,7.897831916809082,0.7876941561698914,7.6038618087768555,0.3886837661266327,0.2931147515773773,0.05275319889187813,0.020190490409731865,0.01522090255155755,0.131543026663378,music\Cliff Richard - Devil Woman.mp3,1,6,22
129.19921875,A# minor,2030.894234139486,616.2760561304744,4269.874180654992,2187.971116151687,0.09009885049825851,0.04904901546324781,-53.71809005737305,47.7866325378418,109.36573791503906,25.629812240600586,-10.744366645812988,19.984325408935547,27.893522262573242,11.218907356262207,-13.833207130432129,8.488031387329102,10.822603225708008,8.964707374572754,-2.008258819580078,10.299654006958008,9.239347457885742,8.372031211853027,-10.46562385559082,7.864418983459473,7.727903366088867,8.988059043884277,-8.913568496704102,6.399445056915283,0.06719035655260086,6.9678425788879395,-7.445321559906006,6.601904392242432,0.3587881922721863,0.3004978597164154,0.195428729057312,0.0520552359521389,-0.002703175605321424,0.12544412330916707,music\Mary Wells - My Guy.mp3,1,1,15
123.046875,G# minor,2703.956415915508,885.8859273082348,6010.113657664958,2781.4974581507713,0.11971923072271672,0.06694018243966969,-116.20450592041016,60.74769973754883,78.44364166259766,32.136322021484375,14.261336326599121,21.574060440063477,16.03524398803711,16.610013961791992,0.6319482922554016,12.46759033203125,6.680065631866455,13.930289268493652,2.543353796005249,11.300919532775879,4.231621265411377,9.14806079864502,-4.401362419128418,8.79224967956543,6.944067001342773,9.482474327087402,-8.639220237731934,8.900035858154297,-2.8619415760040283,8.896405220031738,-5.503413200378418,8.454468727111816,0.3469448685646057,0.3099929094314575,0.12521101534366608,0.05967703089118004,0.01697338938834417,0.12722929136414576,music\Cher - Take Me Home.mp3,1,8,19
143.5546875,A# major,1656.7478125587588,985.947141716026,3824.6352062874903,2272.0459386341017,0.03867966028928019,0.04193065188014833,-107.56126403808594,105.80001831054688,115.04271697998047,41.3068733215332,39.6789665222168,37.75929260253906,25.161836624145508,20.82402992248535,17.624401092529297,18.126144409179688,8.971407890319824,13.732681274414062,1.6123398542404175,11.531110763549805,7.082793235778809,12.214357376098633,-4.156946182250977,11.115649223327637,9.291994094848633,10.783552169799805,6.555032730102539,9.863064765930176,7.042656421661377,8.997556686401367,-1.6481901407241821,8.330719947814941,0.49617159366607666,0.2922094166278839,0.35091957449913025,0.11951304972171783,0.0044661738803760806,0.23990795687017746,music\Drake Featuring Lil Durk & Giveon - In The Bible.mp3,1,7,8
129.19921875,A# major,1925.4838333698601,902.1240109737622,3687.9526994545763,2250.2229368017256,0.09037246940305728,0.06913615781929366,-146.1487274169922,64.96141052246094,114.10464477539062,32.67780303955078,-2.5213000774383545,18.059370040893555,9.374361991882324,13.100547790527344,9.516775131225586,11.348003387451172,2.8812384605407715,11.870589256286621,-0.16631172597408295,13.708597183227539,-5.9151291847229,10.651052474975586,1.3361402750015259,9.526734352111816,-2.971762180328369,9.2826509475708,-2.54268217086792,10.384101867675781,-6.211629390716553,11.173724174499512,-8.155389785766602,9.68929672241211,0.271653950214386,0.30163827538490295,0.11460484564304352,0.051752809435129166,-0.002085605979235226,0.24623874742712704,music\Pretenders - I'll Stand By You.mp3,1,16,30
99.38401442307692,A# major,2949.6859289277904,1235.4152534320688,6294.186939912684,2822.0036444169145,0.12792666408668732,0.1101579610684988,-120.63500213623047,53.35546875,61.59445571899414,32.43514633178711,18.27817726135254,21.848669052124023,23.087827682495117,22.162796020507812,5.960022926330566,15.689202308654785,5.071465015411377,13.298001289367676,-9.365684509277344,10.955269813537598,-0.6324894428253174,11.552349090576172,-7.4360761642456055,11.72696304321289,1.6931061744689941,13.805423736572266,-4.772058010101318,8.302846908569336,-8.359256744384766,8.191003799438477,-8.538512229919434,7.5061354637146,0.24823234975337982,0.3032170534133911,0.1502874791622162,0.06640470027923584,0.013611221545629255,0.2051119210398721,music\5 Seconds Of Summer - Amnesia.mp3,1,16,20
161.4990234375,G major,1651.269293373384,362.1018454852938,3773.6438479585913,2325.9092173187096,0.052933542351973686,0.018080884434327153,-157.3541717529297,29.213340759277344,115.43851470947266,14.456401824951172,20.571409225463867,21.254873275756836,20.82838249206543,12.742863655090332,2.2854034900665283,12.07979965209961,7.8423261642456055,8.464929580688477,-1.9455928802490234,8.805013656616211,3.375257730484009,7.465951442718506,-2.3783628940582275,8.49663257598877,1.506556749343872,7.099852561950684,-5.524337291717529,6.773162841796875,-2.3631622791290283,8.200109481811523,-8.321971893310547,6.95405912399292,0.38165944814682007,0.29442915320396423,0.0956220030784607,0.02112673968076706,0.0017816299855896623,0.1115576032027074,music\Arthur Conley - Sweet Soul Music.mp3,1,2,15
198.76802884615384,G# major,2273.8109052035015,1484.1782892676472,4542.905863003096,2408.8957115396934,0.09799487229102168,0.1233180060829415,-286.2132873535156,74.8962631225586,98.75568389892578,53.09910202026367,17.68385887145996,29.169404983520508,15.229533195495605,15.30627727508545,9.388228416442871,18.55611228942871,-0.02603990212082863,13.36568546295166,-7.431901931762695,12.518316268920898,0.23346944153308868,11.571585655212402,-6.023924827575684,10.828938484191895,1.8645604848861694,10.365069389343262,-4.952642440795898,10.284151077270508,-12.982884407043457,8.725028038024902,-1.6245582103729248,10.80790901184082,0.29649680852890015,0.3186299502849579,0.054400015622377396,0.0354771725833416,0.004571904118894408,0.21401461079523662,music\Sam Smith - Lay Me Down.mp3,1,8,20
112.34714673913044,G# minor,2466.4635300284667,952.7390704279848,5521.25828037321,2679.765961051329,0.08836832430340558,0.06573731215225839,-70.93376922607422,91.87635803222656,73.13204956054688,28.56295394897461,7.792119026184082,16.908628463745117,28.6217098236084,15.199149131774902,15.689567565917969,12.878517150878906,18.521392822265625,10.468243598937988,7.074139595031738,11.799724578857422,14.091920852661133,8.128859519958496,4.049708843231201,8.885096549987793,11.696969032287598,8.30309772491455,4.655500888824463,7.428290843963623,5.963008403778076,7.926175117492676,0.16746343672275543,6.642269134521484,0.44516420364379883,0.3068838119506836,0.24829654395580292,0.10913535952568054,0.023894367418870178,0.09021263949772917,music\Jonas Brothers - What A Man Gotta Do.mp3,1,16,12
129.19921875,F major,2175.3806807558626,923.6096582060743,4524.389308303503,2325.281539405865,0.09190042690595976,0.06356024700701599,-107.52505493164062,60.51701354980469,94.28304290771484,35.2302131652832,2.502863645553589,18.344324111938477,45.3536262512207,13.651815414428711,8.00847339630127,14.058871269226074,15.835538864135742,10.65835189819336,2.549222946166992,8.655004501342773,6.664331436157227,8.409353256225586,-3.006896495819092,7.8796210289001465,4.850892066955566,9.071676254272461,-4.760919094085693,9.15024185180664,2.4431629180908203,8.381559371948242,-7.40862512588501,8.506817817687988,0.39049583673477173,0.29007601737976074,0.14202643930912018,0.03706315532326698,0.10161175542356031,0.202016881265542,music\Atlantic Starr - Always.mp3,1,1,22
107.666015625,D major,2489.0790459326045,770.4278624244356,5891.272709613245,2828.1426772679592,0.08776968846749227,0.050111642046976775,-172.889892578125,61.70858383178711,75.20569610595703,23.79669761657715,23.649507522583008,26.443429946899414,34.012535095214844,17.490461349487305,16.399898529052734,16.527759552001953,15.5440092086792,10.315147399902344,2.043203592300415,9.642600059509277,3.379599094390869,8.388291358947754,-6.763331890106201,8.077515602111816,1.7026699781417847,8.210893630981445,-8.163813591003418,6.829314231872559,-4.609740734100342,6.918632984161377,-7.789706707000732,6.741218566894531,0.3522651195526123,0.30370059609413147,0.08093388378620148,0.02512194588780403,0.016181310619525408,0.14414686036314395,music\The Hues Corporation - Rock The Boat.mp3,1,1,18
86.1328125,F major,1972.3396958824906,894.281461819117,4036.6922573408474,2243.8401023343695,0.08484075682082043,0.06290752269876164,-177.9560089111328,72.67919158935547,109.11312103271484,34.457279205322266,-0.47109389305114746,21.596914291381836,24.102148056030273,15.137723922729492,7.914669513702393,13.38139533996582,5.226431846618652,11.64577579498291,-5.809104919433594,11.16451358795166,7.764177322387695,9.867939949035645,-3.110085964202881,11.069319725036621,5.054515838623047,10.886741638183594,-0.9589021801948547,9.747547149658203,-3.842628002166748,8.501051902770996,-4.152486801147461,8.628388404846191,0.3603331744670868,0.2960202693939209,0.07489354908466339,0.027920475229620934,0.05667724698327095,0.16064570496985,music\Mac Davis - Stop And Smell The Roses.mp3,1,9,14
95.703125,G# major,2441.2739404432623,642.798054884571,5468.2169344403055,2642.826434695869,0.09015780705785603,0.043670917789797495,-146.8163604736328,65.43323516845703,73.49410247802734,23.754318237304688,13.753092765808105,25.94122886657715,37.40913391113281,16.487485885620117,5.325535774230957,13.06283950805664,18.971126556396484,11.109735488891602,9.31608772277832,11.880032539367676,5.289417743682861,11.466874122619629,-5.881959438323975,13.264884948730469,10.27098560333252,10.035804748535156,-0.6540572047233582,10.462422370910645,2.6287055015563965,8.979260444641113,-0.6684712767601013,8.418906211853027,0.3340025842189789,0.3157542645931244,0.11068598926067352,0.031169062480330467,0.024953055482023877,0.1570712178655416,music\Sugarland - All I Want To Do.mp3,1,18,16
112.34714673913044,F# major,3046.9719874173625,1102.9674459797907,6234.812298943015,2696.701094475699,0.16450618590363777,0.1058218608249452,-178.3891143798828,149.1229248046875,58.31413269042969,40.45134353637695,1.5318603515625,25.796493530273438,16.754384994506836,19.748180389404297,-0.5915240049362183,15.723604202270508,2.2764861583709717,17.54680824279785,-3.519625663757324,13.535571098327637,5.4418792724609375,10.974831581115723,-1.034050464630127,8.151668548583984,5.690669059753418,7.351463317871094,-0.16852174699306488,8.20878791809082,2.122532844543457,7.5861334800720215,-6.1114068031311035,8.189245223999023,0.44436314702033997,0.3116529583930969,0.09043887257575989,0.08170696347951889,-0.03068360380109897,0.15006486099865401,music\Michael Jackson - In The Closet.mp3,1,6,20
143.5546875,E major,2143.7220948290606,481.84558340324423,4876.362179971701,2481.0480558578483,0.08787248452012383,0.03522481938068329,-60.22618103027344,43.45486068725586,102.10104370117188,22.3405704498291,6.32195520401001,14.918049812316895,21.901371002197266,13.437186241149902,-7.483114242553711,9.875754356384277,2.382669687271118,9.356255531311035,-3.0411858558654785,8.98569393157959,3.7548983097076416,7.32362699508667,-5.694365978240967,7.665514945983887,13.15652847290039,7.108489990234375,0.5729033946990967,6.353373050689697,-0.08798794448375702,6.009840488433838,-2.2885491847991943,7.115518569946289,0.4103414714336395,0.2813044488430023,0.16762115061283112,0.04543423652648926,-0.0286173781616232,0.11843256276557096,"music\The Beach Boys - Help Me, Rhonda.mp3",1,1,14
151.99908088235293,E minor,2551.489679104204,1062.6560738799378,5645.257530566709,2671.0101553819295,0.08441256591041021,0.0731318902422901,-96.54025268554688,69.48343658447266,81.25822448730469,41.319374084472656,27.94162368774414,26.611370086669922,22.620866775512695,22.648664474487305,0.5084050893783569,20.8929500579834,22.14143943786621,15.752911567687988,-6.622828960418701,14.3834867477417,7.264449596405029,11.247729301452637,-5.349277019500732,13.038161277770996,2.3398056030273438,11.427658081054688,-1.4848389625549316,11.41245174407959,6.87460994720459,9.598310470581055,0.6653907299041748,9.344375610351562,0.44719237089157104,0.2996363639831543,0.2144784778356552,0.07615319639444351,-0.0077376636380693175,0.1271497646589979,music\Pooh Shiesty Featuring Lil Durk - Back In Blood.mp3,1,13,23
184.5703125,C# major,1929.4146733718392,862.5574252382434,4126.36671509167,2285.6954947654476,0.0773612102118808,0.06260614515125248,-120.36473083496094,70.98895263671875,111.80659484863281,34.86000442504883,4.118722438812256,23.558584213256836,31.509265899658203,17.86850929260254,9.80721378326416,14.18594741821289,11.062973022460938,10.491731643676758,-0.4116147756576538,8.687945365905762,8.133003234863281,7.961745738983154,2.8642654418945312,8.90225887298584,5.77970552444458,8.275598526000977,-1.826719880104065,7.040569305419922,3.159836530685425,7.313636779785156,-5.895122051239014,6.634589672088623,0.4250229299068451,0.2893325090408325,0.1266036480665207,0.045225296169519424,-0.015575044214261351,0.1295857604641728,music\matchbox twenty - Bent.mp3,1,1,39
129.19921875,G# major,2475.0043498625996,503.2536270952693,5570.999646260642,2632.3832592768745,0.11346076516544118,0.03385419068342026,-55.35222625732422,35.1840705871582,92.83894348144531,16.116838455200195,5.663135051727295,16.6884765625,24.068754196166992,12.508749008178711,-0.45554807782173157,8.469623565673828,8.730342864990234,8.95701789855957,-7.990719795227051,8.196635246276855,3.468416690826416,6.607927322387695,-4.592337131500244,6.0239129066467285,2.773688554763794,6.4316935539245605,-4.481529235839844,5.588335037231445,-1.1183754205703735,6.734706878662109,-0.8730625510215759,5.791065216064453,0.44286486506462097,0.2743910849094391,0.14001871645450592,0.03466031327843666,0.005454685283898691,0.12447046430315578,music\The Ronettes - Be My Baby.mp3,1,2,13
123.046875,G# minor,2572.552432687899,514.1239216430379,4796.354330434888,2324.759041715695,0.14144510086106812,0.04691899076939267,-27.563749313354492,33.90216064453125,77.2995376586914,22.279809951782227,-24.991294860839844,19.988779067993164,32.50537109375,13.81991958618164,0.04486480727791786,12.016704559326172,-2.2445309162139893,12.766491889953613,-4.198622703552246,10.863877296447754,-9.172840118408203,9.0584135055542,-4.392369270324707,9.064579010009766,6.057096481323242,8.284297943115234,-5.697571754455566,8.742528915405273,5.583226680755615,7.541962623596191,-1.8766995668411255,7.979367256164551,0.36003655195236206,0.2946633994579315,0.2036130279302597,0.04099336266517639,0.024523268310729568,0.13797325846216274,music\Bobby Rydell - Sway.mp3,1,14,11
123.046875,B minor,1623.8973883930637,565.2351181980347,3239.4387448904313,1920.8595668313858,0.07213410652089783,0.0315102475089853,-245.03575134277344,49.30592346191406,133.66796875,29.2250919342041,-16.977832794189453,20.431913375854492,27.785343170166016,14.672901153564453,6.430595874786377,10.322455406188965,0.36321741342544556,10.740094184875488,-6.54185676574707,9.263433456420898,2.5152719020843506,7.463236331939697,-5.608396053314209,7.0694403648376465,0.543247401714325,7.3141703605651855,-6.321251392364502,6.145440578460693,-0.48192036151885986,6.660616397857666,-6.0062150955200195,5.525864601135254,0.4015272855758667,0.2902490496635437,0.03423651307821274,0.015230435878038406,-0.0177817521676658,0.16966091310438738,music\Panic! At The Disco - Say Amen (Saturday Night).mp3,0,60,3
129.19921875,F major,2481.3022110177963,834.700992148598,4796.887660543247,2273.185060861386,0.13576070590654024,0.08430992894140107,-121.4216079711914,53.4047737121582,86.12773895263672,33.96912384033203,-23.910703659057617,18.05387306213379,25.533016204833984,15.436113357543945,-2.240302324295044,11.200757026672363,2.206794023513794,10.551749229431152,-7.38079309463501,11.455068588256836,5.9506378173828125,10.117654800415039,-8.062975883483887,11.574960708618164,1.2805801630020142,8.985413551330566,-3.902984380722046,8.579466819763184,10.481865882873535,7.795370578765869,-1.568585753440857,7.671509742736816,0.3767562210559845,0.3009974956512451,0.09995841234922409,0.06108663231134415,0.02783307622141435,0.12781748745226426,music\Sam Cooke - Chain Gang.mp3,0,22,4
135.99917763157896,F major,1815.7947797801896,448.4418163621348,3923.8762728570046,2356.143402800792,0.06938393418633901,0.019460764757001245,-53.835304260253906,53.075897216796875,117.98001861572266,19.871280670166016,8.14425277709961,12.161113739013672,13.725183486938477,8.941126823425293,2.0191688537597656,9.008369445800781,-1.4737048149108887,8.020381927490234,-6.768033027648926,8.219173431396484,4.4481892585754395,9.56419563293457,3.0485727787017822,8.63696575164795,5.607617378234863,8.20258903503418,2.6676082611083984,8.858970642089844,0.8512182235717773,8.10627555847168,-5.327723026275635,6.368491172790527,0.2912890613079071,0.287835031747818,0.23329788446426392,0.048418495804071426,0.0728945978525122,0.17074245284248768,music\Jerry Smith and his Pianos - Truck Stop.mp3,0,71,7
95.703125,G major,1108.8292871493975,404.4004585375893,2269.6862755176085,1425.634230515205,0.04978314568014706,0.02669363560778679,-266.828369140625,45.77550506591797,155.03656005859375,18.574363708496094,-15.235487937927246,15.894295692443848,44.124168395996094,13.93801498413086,7.996644020080566,11.76012134552002,-2.8079516887664795,10.0235013961792,3.7019591331481934,9.531098365783691,0.46074026823043823,7.677023410797119,-0.3784382939338684,7.651045322418213,-1.8423235416412354,9.177156448364258,-7.7364091873168945,8.191163063049316,0.5847468972206116,6.830341339111328,0.4525339603424072,7.6891937255859375,0.31007200479507446,0.2994837462902069,0.058319780975580215,0.033127885311841965,0.03354934780367442,0.18361725647948046,music\Vikki Carr - With Pen In Hand.mp3,0,35,13
89.10290948275862,D# minor,1606.714937244018,490.2094907090965,3119.4394705096265,1921.2570306940722,0.07890201722136223,0.03521703373367289,-165.7184600830078,96.9020004272461,130.260009765625,25.03891944885254,-10.591458320617676,19.2889347076416,19.63616180419922,13.608412742614746,-4.552056312561035,12.127384185791016,-2.1274545192718506,9.869283676147461,1.7459497451782227,7.689335823059082,-5.5643134117126465,8.095548629760742,-7.960535526275635,8.508529663085938,7.277929306030273,8.358559608459473,-8.633066177368164,7.501295566558838,0.7802155017852783,8.705103874206543,-6.597511291503906,7.584159851074219,0.32572731375694275,0.2976899743080139,0.09013772010803223,0.03877750784158707,0.0429734024927503,0.16454138523834505,music\Jackie DeShannon - A Lifetime Of Loneliness.mp3,0,66,6
117.45383522727273,A# major,1764.3224101010433,643.1692620159312,3644.2446304179566,1935.159999657958,0.07411557602070433,0.042593534067617254,-95.6186752319336,58.29095458984375,120.12503814697266,31.60798454284668,-20.752899169921875,17.988632202148438,47.52248764038086,13.460858345031738,-1.8630688190460205,11.301547050476074,7.328566551208496,7.965836524963379,-3.869727849960327,8.930830001831055,6.117781162261963,6.6783037185668945,-4.360931873321533,7.893938064575195,3.4323995113372803,7.825718879699707,1.491296410560608,7.629307270050049,-0.3056583106517792,6.732776641845703,-5.044198036193848,8.011981010437012,0.35404732823371887,0.3064631521701813,0.17166732251644135,0.04797905683517456,0.006014674513106796,0.13046666638176607,music\CREAM - SUNSHINE OF YOUR LOVE.mp3,0,22,17
143.5546875,C major,1544.1789606149011,547.3678048328205,3273.330206620066,2016.2316401028938,0.05348909454818111,0.02794887794881438,-186.56573486328125,57.22926712036133,121.63661193847656,24.226573944091797,1.6452653408050537,19.4777889251709,39.1173210144043,12.316903114318848,3.162684679031372,12.815570831298828,18.23002052307129,9.018951416015625,6.278555870056152,7.578902244567871,-7.596263408660889,11.625210762023926,-4.262318134307861,9.236613273620605,-5.843209743499756,9.847259521484375,-6.359002590179443,8.240461349487305,3.7812576293945312,8.149742126464844,-5.584049701690674,7.489944934844971,0.3577643930912018,0.2948320508003235,0.0866507738828659,0.02913183718919754,0.08026300003534267,0.14875096399539497,music\Burl Ives - A Little Bitty Tear.mp3,0,28,3
123.046875,A# major,2438.219201670379,762.7390272721315,4773.97113244969,2343.060977376374,0.12512887299245357,0.07316607257112669,-42.23796081542969,44.14583206176758,84.3121337890625,27.148176193237305,-17.261226654052734,22.91075325012207,30.475234985351562,13.0303373336792,3.108985662460327,13.670380592346191,8.953524589538574,12.066397666931152,-1.328439712524414,11.607673645019531,-0.13494405150413513,10.000391006469727,-6.05529260635376,9.18443489074707,4.542154312133789,9.416725158691406,-8.320693969726562,8.716852188110352,-1.5029003620147705,8.497429847717285,-4.131266117095947,7.2544660568237305,0.3439730107784271,0.29829177260398865,0.20724834501743317,0.07007584720849991,0.028115639007437427,0.17994316894878593,music\Glee Cast - Summer Nights.mp3,0,88,1
117.45383522727273,C# minor,2588.7315785815476,402.9409584222114,5176.760363504983,2464.143725455073,0.13346177800890094,0.03702289695712138,-57.91035079956055,36.127784729003906,82.49462127685547,17.366981506347656,-14.361541748046875,15.395840644836426,32.63488006591797,12.056305885314941,-0.5320285558700562,9.30395221710205,5.879890441894531,9.510069847106934,6.023332595825195,7.058592796325684,3.760222911834717,7.474118232727051,2.5769312381744385,6.614020824432373,4.883434772491455,6.446569919586182,-5.479599475860596,7.5741472244262695,4.849748611450195,6.042302131652832,-1.5660157203674316,6.721112251281738,0.41799241304397583,0.2893359065055847,0.13761788606643677,0.04160193353891373,0.00434950176907533,0.08009413607524397,music\Stevie Nicks - Stand Back.mp3,0,27,4
78.30255681818181,A# minor,1327.7192136675135,768.5634164213604,2408.743767989309,1902.5903207011681,0.05297511428502322,0.045180619490793425,-325.61407470703125,85.84662628173828,140.71807861328125,31.163936614990234,17.374799728393555,32.77737808227539,16.845422744750977,20.118940353393555,10.780333518981934,14.734951972961426,-2.2087996006011963,16.861181259155273,13.484074592590332,11.654349327087402,2.7124505043029785,10.55711841583252,2.065047264099121,10.153640747070312,9.015400886535645,9.517642974853516,-4.317885398864746,11.105409622192383,1.6514990329742432,7.777993202209473,-6.505588054656982,10.633305549621582,0.3552488684654236,0.30891481041908264,0.037697162479162216,0.020087700337171555,0.01648648313207331,0.2261725799461724,music\The Sweet Inspirations - Let It Be Me.mp3,0,94,2
151.99908088235293,D# major,2035.914553420158,717.2851577019667,4258.0075857440015,2352.6696439385173,0.07231248790634674,0.05830977764623369,-285.33135986328125,101.95538330078125,82.7451171875,38.331817626953125,-12.033003807067871,23.74557113647461,14.946028709411621,16.951061248779297,-0.3912624716758728,13.662810325622559,-14.394402503967285,22.82381248474121,0.6801152229309082,10.37620735168457,-9.626585960388184,12.05510139465332,-13.583931922912598,15.305082321166992,-0.4651332497596741,10.205677032470703,-26.9166316986084,11.541696548461914,-13.013567924499512,9.842938423156738,-7.457605838775635,10.407516479492188,0.18973177671432495,0.305039644241333,0.06741909682750702,0.04315512627363205,0.01615473002234455,0.2762552279574296,music\Glee Cast - I Will Always Love You.mp3,0,87,1
143.5546875,A major,1926.506570541672,830.4212775377833,4214.50784878096,2268.32797889852,0.07472063660990712,0.04132576278748212,-145.0839080810547,88.0523681640625,116.04053497314453,41.70416259765625,1.48403000831604,28.043577194213867,17.268342971801758,16.557527542114258,14.002129554748535,11.722408294677734,1.4150192737579346,13.364521980285645,3.6438872814178467,12.279775619506836,-2.9262936115264893,10.439676284790039,-2.193758010864258,10.321796417236328,4.094017028808594,9.136051177978516,-0.12106256932020187,9.655698776245117,-0.38797619938850403,9.3781156539917,-6.50879430770874,10.193888664245605,0.26446548104286194,0.3011753559112549,0.15761718153953552,0.07839440554380417,-0.015973001842209143,0.300289156063771,music\P!nk Featuring Chris Stapleton - Love Me Anyway.mp3,0,96,1
99.38401442307692,F# minor,1851.3096571018102,1453.5148869840564,3400.304438824255,1813.0913616208823,0.09700130309113777,0.10992848572108373,-242.78541564941406,139.67755126953125,86.40411376953125,59.77192687988281,6.934001922607422,40.108116149902344,20.94585418701172,26.616334915161133,3.4570207595825195,24.66680145263672,1.3221725225448608,23.397584915161133,-0.6822249293327332,20.92698860168457,14.273005485534668,20.670928955078125,3.870753288269043,17.304941177368164,4.05943489074707,16.28769302368164,3.1764450073242188,17.091520309448242,10.262813568115234,15.073624610900879,2.9547271728515625,14.355484008789062,0.5170778036117554,0.3178240954875946,0.1488189548254013,0.11541467905044556,-0.011770067167376903,0.1718483355739991,music\New Boyz - You're A Jerk.mp3,0,24,20
69.83741554054055,A major,2383.641202830938,825.9169488090859,4960.64500365833,2315.8265036269213,0.11580050914280186,0.06306807453539025,-108.96265411376953,67.3109130859375,93.35617065429688,34.8544807434082,-11.715306282043457,19.72394371032715,39.23465347290039,10.580146789550781,0.6858008503913879,8.5436372756958,9.32255744934082,9.531517028808594,-9.981287002563477,9.134227752685547,8.69686508178711,6.802890300750732,-4.983901023864746,7.7608184814453125,4.308434963226318,7.013358116149902,-3.7894911766052246,6.122486591339111,-0.7690427899360657,6.570590019226074,-3.1879138946533203,5.589202880859375,0.3667084276676178,0.28234636783599854,0.09944526851177216,0.041459210216999054,0.01595491624641889,0.2145023376512778,music\Joe Cocker - Edge of a Dream.mp3,0,69,7
143.5546875,A# major,1665.1676100067557,795.2541248626865,3457.895757244098,2091.811507799844,0.06459635920568886,0.04552485603682734,-162.05455017089844,72.29924011230469,121.29383087158203,36.690269470214844,13.281458854675293,27.020217895507812,25.991790771484375,22.9165096282959,1.469110131263733,17.457687377929688,6.330714702606201,15.960426330566406,5.292141914367676,13.411953926086426,-0.027182376012206078,13.785806655883789,-8.62884521484375,12.286911964416504,4.467062473297119,12.338006973266602,-8.489485740661621,13.179925918579102,-0.8338280320167542,10.604427337646484,-2.1822245121002197,8.763495445251465,0.3450005352497101,0.3042565584182739,0.13145074248313904,0.06052640825510025,0.023989214148053075,0.18240363739219062,music\Billy Joel - Just The Way You Are.mp3,0,28,8
135.99917763157896,D# minor,1588.514108552504,875.2313676391425,3213.030571243711,2076.306202080366,0.06534049680727554,0.04971335093227635,-196.48883056640625,54.458030700683594,142.1924285888672,40.181705474853516,12.810184478759766,19.534130096435547,9.979641914367676,14.991994857788086,5.499488830566406,12.600897789001465,-8.336005210876465,15.063508987426758,-1.125197410583496,9.606775283813477,6.804784297943115,10.848591804504395,-10.878311157226562,9.479680061340332,3.1357955932617188,8.582621574401855,-15.662365913391113,12.590583801269531,-3.1060950756073,9.630278587341309,-10.317870140075684,8.905501365661621,0.3050396144390106,0.2951713800430298,0.08371798694133759,0.018119746819138527,0.08134462473304845,0.19515926072500364,music\The Mars Volta - The Widow.mp3,0,95,2
103.359375,F major,2175.06508130793,690.0460378010221,4403.281707291264,2270.697519539466,0.10666526581849846,0.05528913283237941,-22.086660385131836,58.78734588623047,102.81629943847656,27.893964767456055,-16.349225997924805,19.779958724975586,16.83005714416504,14.874931335449219,-0.6329054236412048,13.782779693603516,8.380845069885254,10.2959623336792,-2.922814130783081,9.678306579589844,2.2340800762176514,7.290308952331543,-5.9961724281311035,7.733635902404785,2.3835325241088867,8.486108779907227,-4.958146095275879,8.177558898925781,3.2538247108459473,7.155944347381592,-4.063295364379883,6.456641674041748,0.38442549109458923,0.2867664098739624,0.23816820979118347,0.06930644065141678,0.01499957588377896,0.16761541851830145,music\The Guess Who - Hand Me Down World.mp3,0,26,6
86.1328125,G minor,1816.3308285383214,710.9116279231558,3870.2682636839686,2190.8348132032293,0.08003806477360681,0.04324429261508507,-199.6193389892578,47.451969146728516,122.72959899902344,30.098331451416016,8.796226501464844,18.0997371673584,18.674072265625,14.473846435546875,-16.73708724975586,13.456032752990723,4.964916229248047,12.771065711975098,0.5099513530731201,9.557465553283691,3.479463577270508,7.857540130615234,-12.718246459960938,8.100165367126465,6.37491512298584,7.131743907928467,6.06259822845459,8.489871978759766,4.907641887664795,7.193880081176758,1.5429434776306152,6.56127405166626,0.3416048288345337,0.28872719407081604,0.0535794198513031,0.018333008512854576,0.005981199205009559,0.12644213032945353,music\Skip And Flip - Cherry Pie.mp3,0,35,4
123.046875,C major,2282.263004818054,666.1526575322142,4663.2634685504545,2348.4911009166217,0.10727070433436532,0.04938031332898104,-77.10588836669922,75.11195373535156,90.49407958984375,30.572460174560547,-9.910428047180176,23.038562774658203,34.00751495361328,20.751419067382812,10.870927810668945,15.056249618530273,11.730876922607422,12.638032913208008,2.693652629852295,11.712300300598145,6.665254592895508,8.52351188659668,-0.7605155110359192,9.224143028259277,9.905560493469238,9.855655670166016,-3.862844467163086,7.840128421783447,-0.0988067165017128,9.096957206726074,-6.231581211090088,7.465709209442139,0.38220107555389404,0.3013269603252411,0.1746053844690323,0.06717585772275925,0.02712416413353785,0.11676983810214951,music\Chic - Rebels Are We.mp3,0,61,6
143.5546875,C minor,1702.5988695115743,677.490696109257,3593.0866064301954,2197.195859526559,0.06827736491389319,0.052158373889771945,-153.29151916503906,55.93235778808594,115.8893051147461,25.711687088012695,18.284868240356445,21.359060287475586,23.071603775024414,18.44064712524414,-5.359280586242676,11.955756187438965,4.529672622680664,11.97242546081543,-3.0248539447784424,10.523345947265625,1.8262765407562256,9.111184120178223,-17.836326599121094,9.38778305053711,-7.8347487449646,11.321978569030762,-12.5255708694458,10.010376930236816,-3.20641827583313,9.658507347106934,-5.717235088348389,8.1295804977417,0.31636619567871094,0.30156758427619934,0.1257723718881607,0.043756864964962006,0.04971973767883549,0.14142260871892823,music\Walter Jackson - Suddenly I'm All Alone.mp3,0,96,1
172.265625,F major,2168.919174459109,531.7977935900211,4450.86475289643,2364.8417732159364,0.10242908584075078,0.03671439196910214,-106.03199768066406,60.28218078613281,96.94448852539062,23.33803367614746,-4.674140930175781,17.786746978759766,23.766386032104492,17.957168579101562,2.596144199371338,12.708796501159668,1.1848316192626953,12.721152305603027,-2.9421072006225586,9.699257850646973,-2.8775429725646973,9.262595176696777,-3.928431987762451,8.373756408691406,2.5173850059509277,10.48094367980957,-0.47346770763397217,9.780952453613281,1.2378100156784058,8.827966690063477,-6.493541240692139,7.4935173988342285,0.2878475487232208,0.30043861269950867,0.146932914853096,0.06313870847225189,0.070998100020234,0.19699387798116486,music\Barbara Mason - I Need Love.mp3,0,98,2
99.38401442307692,C major,2298.032243917195,604.7070334556641,4729.279736025784,2287.9276666649193,0.11472190644349846,0.04154421107631758,-97.88855743408203,49.031009674072266,93.93092346191406,24.330482482910156,-13.971251487731934,18.383798599243164,40.1732292175293,14.544215202331543,2.2934045791625977,9.58141040802002,12.220646858215332,7.442292213439941,-4.44067907333374,8.533587455749512,5.385003566741943,7.296771049499512,2.909003257751465,8.159310340881348,5.1297125816345215,8.442804336547852,-2.5028820037841797,7.769898891448975,2.0062739849090576,7.24265193939209,-4.157023906707764,6.891139984130859,0.3722934126853943,0.27957242727279663,0.10894950479269028,0.030620412901043892,0.03832260181527604,0.14818347241713728,music\The Spinners - Together We Can Make Such Sweet Music.mp3,0,91,5
143.5546875,E major,3263.073358688035,935.6337239779408,6887.741684101684,2926.1906944827692,0.16487655403444273,0.09446033928408203,-135.1933135986328,108.76585388183594,59.595829010009766,27.25166893005371,11.256030082702637,17.937353134155273,19.10677146911621,14.34193229675293,-1.2755670547485352,10.232580184936523,6.1658034324646,10.101564407348633,-0.10762224346399307,8.008772850036621,3.6758193969726562,7.456284523010254,-5.328060150146484,8.684097290039062,0.43639126420021057,8.641916275024414,-4.587489128112793,9.619071960449219,-0.4852321743965149,6.610086441040039,-8.11035442352295,7.258169174194336,0.35650667548179626,0.29126083850860596,0.08518621325492859,0.04527721554040909,-0.001470917477893317,0.14314820953264565,music\Juice Newton - Tell Her No.mp3,0,27,11
143.5546875,B major,1643.155656256254,739.6436744346971,3433.220906449545,2061.1408426661055,0.06644933363970588,0.03982369172967138,-270.8973693847656,80.63870239257812,126.36417388916016,33.75780487060547,2.000216245651245,25.8987979888916,18.54256820678711,14.99366569519043,12.964107513427734,14.195473670959473,7.020194053649902,11.016496658325195,-6.096553325653076,10.636161804199219,3.1686477661132812,9.40332317352295,-1.2740817070007324,8.492072105407715,-2.1094138622283936,9.957005500793457,-8.192726135253906,9.036245346069336,-4.1990647315979,9.403717994689941,-4.688684940338135,8.264164924621582,0.3694838881492615,0.2958958148956299,0.04354473948478699,0.031029915437102318,-0.05864118042859714,0.18254207301979378,music\Commodores - Wonderland.mp3,0,25,15
92.28515625,A major,3258.7582885624743,878.2295213636678,7108.532015679421,3057.422022193377,0.15692044190208979,0.08114928719651536,-94.06208801269531,49.450077056884766,61.87300491333008,25.635316848754883,28.772850036621094,17.782285690307617,23.505889892578125,15.043037414550781,6.980638027191162,9.310361862182617,13.505707740783691,10.902826309204102,2.816466808319092,9.219487190246582,5.023892402648926,8.182514190673828,3.4915037155151367,8.729662895202637,8.835124015808105,10.266373634338379,-4.197973251342773,8.228901863098145,1.215777039527893,7.624741077423096,-3.059556484222412,9.043013572692871,0.3894694745540619,0.2904398739337921,0.11544614285230637,0.03986141458153725,-0.016739180569612065,0.2029768228805909,music\Dino - Gentle.mp3,0,31,14
78.30255681818181,B major,1861.5458787409316,646.8300697775279,3423.5042985378773,1950.6794368498834,0.08463478678889319,0.05074292422727195,-161.03274536132812,69.88045501708984,99.39916229248047,33.42634582519531,-19.38990592956543,26.419395446777344,28.404592514038086,17.28835105895996,-2.5662457942962646,13.55832290649414,-0.33757448196411133,13.135212898254395,-0.7932185530662537,11.163959503173828,-7.6078782081604,11.29041862487793,-10.965293884277344,11.556551933288574,5.224222183227539,12.803848266601562,-12.939925193786621,12.18335247039795,-2.75927734375,8.419275283813477,-7.434981346130371,12.30407428741455,0.21597279608249664,0.3078264892101288,0.1514706015586853,0.06695831567049026,-0.042472832941308186,0.18041607103838656,music\Barbra Streisand - People.mp3,0,26,8
129.19921875,F minor,2768.8836443953246,756.3194788081316,5728.465360753677,2606.667223335728,0.13486199629934212,0.057787746171413294,-69.4300308227539,52.594730377197266,77.19779968261719,24.358938217163086,-10.651468276977539,20.582914352416992,24.64789390563965,11.528693199157715,8.519003868103027,9.106706619262695,11.033822059631348,9.789301872253418,-3.514601469039917,6.866500377655029,8.071207046508789,6.4467644691467285,-3.6367149353027344,6.730479717254639,6.052606582641602,6.647588729858398,-0.4429378807544708,5.87421178817749,1.004586935043335,6.110248565673828,-4.875089168548584,5.81212854385376,0.45087578892707825,0.27780699729919434,0.11809749156236649,0.03471355140209198,0.020433151542374215,0.15686177317945438,music\ABC - That Was Then But This Is Now.mp3,0,89,3
86.1328125,A major,1730.905804814107,886.9778833988504,3267.355242749855,2065.6779545991553,0.07626068776606038,0.05259476018860831,-208.8505401611328,74.35167694091797,122.51583099365234,32.416019439697266,4.410086631774902,24.30141830444336,15.093184471130371,17.520193099975586,7.107680320739746,9.702880859375,-15.465067863464355,16.764841079711914,-3.0918638706207275,12.750648498535156,-13.172998428344727,11.571845054626465,-2.7956554889678955,11.20676326751709,-2.562412977218628,9.394720077514648,-17.013696670532227,10.439178466796875,-4.076125621795654,9.299731254577637,-15.971885681152344,9.661507606506348,0.23161868751049042,0.29533782601356506,0.10142410546541214,0.0570225790143013,0.04729779235741354,0.2600519606414823,music\Glee Cast Featuring Idina Menzel - I Dreamed A Dream.mp3,0,31,2
103.359375,D# minor,3885.2617223130974,798.5334934903032,7377.755387722524,2995.3077129931903,0.22994154230359906,0.07871027437739889,-67.63211822509766,40.427024841308594,38.986785888671875,21.640613555908203,15.8436279296875,18.3941707611084,23.986520767211914,11.764961242675781,8.764164924621582,7.979156494140625,14.193863868713379,11.11911392211914,-9.153898239135742,7.342867374420166,7.141136169433594,7.996091365814209,-2.3902854919433594,7.917610168457031,1.7747353315353394,6.529254913330078,-5.235349178314209,7.254220008850098,-4.682051658630371,6.181512832641602,-0.24432751536369324,6.6234025955200195,0.41661280393600464,0.2833722233772278,0.11072084307670593,0.03125050291419029,0.020746115233855614,0.11410753095365307,music\Diana Ross & The Supremes - Love Child.mp3,0,43,1
107.666015625,E major,1995.7335489330735,696.847218630719,3991.359198130321,2109.525636656241,0.07940163627128483,0.06871941168965562,-193.3544158935547,46.59446716308594,91.79735565185547,28.53131866455078,-16.549333572387695,20.730499267578125,31.980377197265625,14.533500671386719,-10.878751754760742,14.383410453796387,-2.3890509605407715,14.275931358337402,-4.351975917816162,10.989264488220215,1.3064942359924316,11.092184066772461,-19.55451011657715,12.282649993896484,-2.031012773513794,12.170921325683594,-11.74693775177002,9.89418888092041,-5.684022426605225,8.649221420288086,-4.377944469451904,8.982665061950684,0.2344401329755783,0.3051263391971588,0.08731380105018616,0.031936585903167725,0.0059203497142318205,0.22260083876781475,music\Lenny Welch - Since I Fell For You.mp3,0,43,4
151.99908088235293,G minor,2090.2972620774794,831.1755274325766,4518.831008580447,2364.72812898441,0.04214449194562694,0.03382904450260505,-53.78175354003906,52.54935073852539,88.57038879394531,36.10734558105469,-15.973315238952637,26.665254592895508,23.698486328125,16.895370483398438,12.126907348632812,15.341998100280762,11.18078327178955,13.423412322998047,4.403632640838623,10.563619613647461,18.796754837036133,12.05381965637207,-5.306159973144531,11.932046890258789,8.343951225280762,9.70538330078125,-5.706185340881348,10.685103416442871,3.533721685409546,8.671860694885254,11.516218185424805,7.962696075439453,0.5870328545570374,0.2545236051082611,0.4072917103767395,0.07729082554578781,-0.03812702517112593,0.3052933306894382,music\21 Savage & Metro Boomin - Many Men.mp3,0,33,2
129.19921875,G major,3850.4722453177815,1027.4981455151276,7746.361492145173,3175.445511958033,0.19342362253289475,0.10896643178604955,-78.69984436035156,39.75035858154297,42.390663146972656,24.121179580688477,21.56870460510254,16.889867782592773,23.624845504760742,15.225628852844238,20.28760528564453,9.812285423278809,16.25558090209961,11.281455993652344,1.5317394733428955,8.865804672241211,4.022237777709961,8.620237350463867,-4.372796535491943,8.262989044189453,7.277671813964844,7.199692249298096,-3.211127996444702,6.446502685546875,4.294005870819092,6.576115608215332,-3.2493786811828613,6.727692604064941,0.4637902081012726,0.2886015474796295,0.1423526257276535,0.06739789247512817,0.010098499756056995,0.09527681354785747,music\Trans-X - Living On Video.mp3,0,61,12
103.359375,G major,2078.214063633678,749.7516987704782,4402.81504344645,2205.8835898270445,0.09744498899477554,0.06274190264402565,-83.3526382446289,60.01158905029297,103.87896728515625,28.67310333251953,-4.068414688110352,18.161476135253906,42.1418342590332,12.360560417175293,-7.168485164642334,9.583686828613281,12.52988338470459,9.885449409484863,-10.468423843383789,7.5989227294921875,8.369128227233887,7.240730285644531,-4.124156951904297,7.5661845207214355,4.291543006896973,7.896351337432861,-4.863055229187012,8.100558280944824,1.335655927658081,6.273710250854492,-2.868431329727173,6.54459285736084,0.3567616939544678,0.2950454354286194,0.1572151482105255,0.056555576622486115,-0.023706564914272303,0.12869435129433723,music\The Temptations - It's Growing.mp3,0,22,4
129.19921875,A# minor,3070.6754095291867,1311.8660695815336,6516.493928986068,2947.319303741268,0.12124643237229102,0.09157560733997412,-86.20265197753906,83.55802154541016,63.81980895996094,41.37724685668945,20.022706985473633,34.6130256652832,7.351863384246826,25.32185173034668,24.482301712036133,17.85603904724121,15.818486213684082,16.099193572998047,-5.492059230804443,17.377504348754883,15.07785415649414,12.872390747070312,-4.15340518951416,11.716994285583496,8.466556549072266,13.689229965209961,6.070226192474365,12.188916206359863,9.818178176879883,10.286829948425293,-0.5618975758552551,10.359618186950684,0.47604718804359436,0.30367615818977356,0.2579439580440521,0.12729927897453308,-0.03214762387108855,0.1151474992012566,music\Lil Uzi Vert - Homecoming.mp3,0,22,2
184.5703125,E minor,2224.522838809744,1072.1514303265692,4423.92324914135,2029.4464038522328,0.1226579884626548,0.09947944045418586,-272.6413879394531,98.34130859375,98.28409576416016,45.030235290527344,-18.39634895324707,31.583892822265625,57.11278533935547,23.069490432739258,-13.171030044555664,25.046340942382812,30.554683685302734,16.662424087524414,-17.717910766601562,16.14826774597168,14.262849807739258,14.068084716796875,-18.621423721313477,14.109274864196777,12.825074195861816,10.933046340942383,-9.1504545211792,11.892980575561523,7.79232120513916,8.832867622375488,-0.3467106223106384,8.404656410217285,0.4894685447216034,0.29491618275642395,0.041956041008234024,0.027450134977698326,-0.0068207430799174466,0.0828006495445572,music\Baz Luhrmann - Everybody's Free (To Wear Sunscreen).mp3,0,45,7
99.38401442307692,B major,2228.3376170560696,1061.583040980788,4660.396819218025,2358.215757162747,0.10068948940595976,0.08182889952148337,-167.8322296142578,82.95552825927734,90.82191467285156,40.1301383972168,2.415916681289673,33.77777099609375,28.646799087524414,23.064058303833008,2.902472734451294,21.864395141601562,7.739384174346924,16.156688690185547,-6.437666893005371,14.627538681030273,4.388865947723389,11.887785911560059,-12.564669609069824,11.183399200439453,-1.073907732963562,12.06319808959961,-5.2588887214660645,11.741179466247559,-1.1720235347747803,10.67748737335205,-10.136417388916016,9.691940307617188,0.4142566919326782,0.3188737630844116,0.10782650113105774,0.06656449288129807,-0.022571768461687902,0.10149778206569537,music\Guerilla Black Featuring Mario Winans - You're The One.mp3,0,77,11
112.34714673913044,G# major,1656.2654241718253,437.86224411513666,3251.430339045569,1935.243034022694,0.07840542158475232,0.03310754947433443,-117.93396759033203,47.67410659790039,121.40101623535156,22.036182403564453,-17.093841552734375,15.025003433227539,32.54216384887695,15.813173294067383,6.523185729980469,11.22563362121582,3.0201144218444824,9.89929485321045,-2.2710483074188232,9.614574432373047,6.683202266693115,8.092957496643066,-2.2754478454589844,7.801329612731934,2.580872058868408,10.03345012664795,-3.183506727218628,6.989968776702881,2.472905397415161,7.4839959144592285,-1.6417617797851562,8.551192283630371,0.33535951375961304,0.3067862093448639,0.1441923975944519,0.05682511627674103,0.008640652698145557,0.10294588630493931,music\Gladys Knight And The Pips - Letter Full Of Tears.mp3,0,25,8
99.38401442307692,G major,2652.3801677174233,807.5696121999771,5397.409029272688,2517.8536068143508,0.13780566708591332,0.06679737769332664,-53.29199981689453,57.56664276123047,79.91008758544922,31.260496139526367,-10.274003028869629,25.49264144897461,20.53207778930664,12.552643775939941,0.6353179812431335,12.737010955810547,8.749794006347656,9.269347190856934,-3.6561737060546875,9.92723274230957,8.136672019958496,8.19578742980957,-2.4946048259735107,9.900368690490723,4.825632572174072,8.550357818603516,4.93209171295166,8.553314208984375,1.2390247583389282,7.271503925323486,-2.3177108764648438,8.02231502532959,0.38563072681427,0.3012630045413971,0.17168879508972168,0.06249966099858284,0.02823636572874188,0.12971917051589935,music\The O'Jays - Give The People What They Want.mp3,0,45,9
112.34714673913044,D minor,2725.7565557885205,653.9258747241795,5702.765516157121,2589.709364664391,0.13945267148800308,0.05934907528256921,-64.9269790649414,44.48234558105469,73.67379760742188,23.030920028686523,-4.289512634277344,17.18201446533203,26.897523880004883,16.075382232666016,3.8873233795166016,12.59302043914795,12.090417861938477,8.950644493103027,-2.175283432006836,8.846994400024414,8.34298324584961,9.13070011138916,-4.084542274475098,8.762842178344727,8.679708480834961,8.769198417663574,-1.1343263387680054,7.531057357788086,-0.9074592590332031,8.296554565429688,-8.956741333007812,7.583727836608887,0.35259827971458435,0.2917768061161041,0.13909673690795898,0.038943804800510406,-0.020106659359555492,0.17466329779839063,music\The 4 Seasons - Something's On Her Mind.mp3,0,98,1
92.28515625,A# major,2347.938224218441,716.0881613552099,4461.748020420134,2171.4015415777085,0.12464626064241487,0.06657499924754219,-119.3427734375,74.39305877685547,91.18477630615234,29.401185989379883,-24.806354522705078,28.792095184326172,25.795991897583008,18.458131790161133,-3.3975539207458496,13.64355754852295,-0.31677955389022827,11.314815521240234,-14.827783584594727,12.857866287231445,1.2033747434616089,9.549174308776855,-9.209861755371094,8.88999080657959,1.401023268699646,13.249317169189453,-7.7620391845703125,9.238518714904785,2.135739326477051,9.28943157196045,2.742750644683838,8.499286651611328,0.31819504499435425,0.2977096140384674,0.10800532251596451,0.0446709580719471,0.00286636881484806,0.17394459730953502,music\Lou Rawls - Down Here On The Ground.mp3,0,69,5
129.19921875,A major,3189.6327815574855,673.8394930162157,6797.067232397688,2924.1086908818143,0.15008337062209753,0.0702922247415159,-74.81047058105469,37.35673141479492,60.517879486083984,20.87853240966797,14.644887924194336,26.975622177124023,28.225317001342773,13.786291122436523,4.194864273071289,11.165489196777344,7.91363000869751,9.69324016571045,-4.3003435134887695,10.836182594299316,8.824141502380371,8.451106071472168,-2.7821877002716064,7.699339389801025,3.852599620819092,7.5947041511535645,-2.1148810386657715,6.793308258056641,2.5564002990722656,7.9557576179504395,-4.362422943115234,6.362151145935059,0.4134223759174347,0.29121527075767517,0.12084202468395233,0.030077839270234108,-0.003707000480364956,0.09845674263701858,music\Starship - It's Not Over ('til It's Over).mp3,0,27,6
112.34714673913044,D# major,2498.8995362731093,807.2553389357366,4994.119801240809,2377.9705720249426,0.11861114974361456,0.062348521472138436,-128.91549682617188,69.31769561767578,81.08948516845703,36.832218170166016,-13.734746932983398,26.124595642089844,39.671627044677734,19.654481887817383,5.756534099578857,13.93524169921875,10.150030136108398,11.147117614746094,4.533504486083984,10.51791000366211,6.597090721130371,9.20468807220459,5.698638439178467,7.768796443939209,2.01731538772583,8.241093635559082,-2.743612766265869,7.954928398132324,-1.3132201433181763,6.5290021896362305,-5.423792362213135,7.409617900848389,0.4169154167175293,0.2878320515155792,0.10206592082977295,0.05358046665787697,0.018453205294207152,0.15102161248450952,music\Little River Band - Man On Your Mind.mp3,0,22,6
0.0,E minor,6532.719801980499,0.0,9377.7099609375,2589.844571307259,0.00830078125,0.0,-433.3937072753906,0.0,-87.01451110839844,0.0,-23.771282196044922,0.0,-22.733051300048828,0.0,-19.830036163330078,0.0,-11.251726150512695,0.0,-11.19985580444336,0.0,-1.0241467952728271,0.0,-6.614782810211182,0.0,-1.5954089164733887,0.0,-6.284730911254883,0.0,0.9895056486129761,0.0,-3.153129816055298,0.0,0.7506332993507385,0.15596112608909607,0.002071930095553398,0.0,0.0008846774863063156,0.01582814590714424,"music\The Irish Rovers - The Biplane, Ever More.mp3",0,91,5
161.4990234375,C major,1574.794341146478,481.25992682397805,3208.9472626015868,1940.3396318648545,0.06666135049825851,0.03268480551683855,-94.8460922241211,86.65796661376953,129.06495666503906,25.462669372558594,-10.888898849487305,21.49169158935547,28.307659149169922,13.229132652282715,4.021572589874268,14.387238502502441,14.181646347045898,8.642748832702637,-3.4947471618652344,10.545662879943848,3.4101343154907227,7.859462738037109,-11.191160202026367,9.673425674438477,0.8220927119255066,7.320588111877441,-2.2734944820404053,6.913698673248291,1.7693036794662476,6.859557628631592,-6.156933307647705,7.3336262702941895,0.3626876175403595,0.29266420006752014,0.2006799578666687,0.07405012100934982,0.08856856539535718,0.17459191631686524,"music\Nina Simone - To Be Young, Gifted And Black.mp3",0,76,7
184.5703125,F major,1922.9327111618395,632.3555176223133,3932.0762232730262,2221.105184823318,0.08263971192917957,0.03855739909415251,-64.31776428222656,42.57451248168945,111.72148132324219,29.007122039794922,-5.06727409362793,24.26582145690918,19.22663116455078,14.119290351867676,1.6387438774108887,14.556426048278809,9.417134284973145,10.506115913391113,5.1130547523498535,12.538890838623047,4.896685600280762,9.964009284973145,-13.706997871398926,10.491329193115234,3.6147420406341553,9.515671730041504,-7.970851421356201,9.196508407592773,-1.1393346786499023,8.68112850189209,-3.6914877891540527,7.802332401275635,0.31493133306503296,0.29749980568885803,0.22407446801662445,0.04041125997900963,0.03367482467005373,0.15647302221186224,music\The Five Stairsteps - You Waited Too Long.mp3,0,94,2
129.19921875,G# major,2146.533114048985,882.1068489603275,4738.438013980263,2463.1244972297113,0.08454597402283281,0.04757337666909606,-154.88719177246094,69.76050567626953,100.90840148925781,36.84717559814453,17.300477981567383,27.10661506652832,22.954896926879883,16.12653160095215,7.195001125335693,11.77922248840332,14.79052734375,11.91374397277832,-7.404499530792236,12.395278930664062,1.0386559963226318,11.600171089172363,-5.481565475463867,8.725614547729492,3.1483278274536133,9.380070686340332,-3.0394065380096436,8.548603057861328,-0.6984468102455139,9.395936965942383,-0.9330379962921143,8.551004409790039,0.37386319041252136,0.2985178232192993,0.10471909493207932,0.043174631893634796,0.024361470357979146,0.1789008743596671,music\Buddy Miles - Down By The River.mp3,0,68,7
107.666015625,F major,2801.043014773386,834.2751572219867,5674.457353999371,2618.7939844404814,0.14162801736648606,0.07121409809843399,-32.47021484375,59.24042510986328,70.65735626220703,25.61903190612793,-5.05165433883667,22.111923217773438,33.87410354614258,15.166421890258789,8.895537376403809,10.502413749694824,8.578359603881836,7.819263458251953,1.7265326976776123,7.544923305511475,5.73145055770874,8.39697551727295,-3.164306163787842,6.957424163818359,1.3026177883148193,6.445688247680664,-3.605929136276245,7.0446882247924805,-0.016757527366280556,6.2631144523620605,-8.93309211730957,5.8594970703125,0.39101260900497437,0.28953906893730164,0.19192855060100555,0.058158017694950104,0.06911382802064502,0.14547937603040514,music\Billy Squier - Eye On You.mp3,0,71,8
143.5546875,F major,2732.2450643627103,506.8085941773387,5783.423361763496,2596.7834362601748,0.13039263556985295,0.04800815065033333,-76.30465698242188,35.28017044067383,72.97293090820312,16.976640701293945,-12.990092277526855,16.348115921020508,21.61754035949707,13.585832595825195,0.2923664450645447,11.127421379089355,10.413725852966309,10.338013648986816,6.197817325592041,10.731391906738281,7.242371082305908,9.257257461547852,-7.077739715576172,10.385137557983398,10.175704002380371,10.510384559631348,-3.0896692276000977,6.1828532218933105,1.2373924255371094,8.940936088562012,-2.628603935241699,6.5176496505737305,0.36911046504974365,0.29761990904808044,0.11522988975048065,0.02787639945745468,0.042188639026903056,0.16415297859879258,music\Chris Daughtry - Wanted Dead Or Alive.mp3,0,43,3
83.35433467741936,A# major,2196.9444373794026,759.0159521258638,4735.946362380273,2439.731516590291,0.09209808255127709,0.050167103583228845,-49.695072174072266,48.93799591064453,100.10621643066406,29.950668334960938,2.764486789703369,17.90041732788086,28.82379150390625,14.014500617980957,6.133097171783447,11.777549743652344,6.759334564208984,8.918052673339844,-1.9004771709442139,9.47586727142334,5.4754719734191895,7.348727226257324,-4.0101094245910645,8.212115287780762,2.1631109714508057,7.606151580810547,-2.469514846801758,7.234106063842773,1.1903696060180664,7.486080169677734,-0.9842802286148071,6.383795738220215,0.40105319023132324,0.2893514931201935,0.20172162353992462,0.05913873389363289,0.0014806274827243496,0.16254258461652443,music\Traveling Wilburys - End Of The Line.mp3,0,63,9
151.99908088235293,A minor,2331.732811163816,1128.070358396817,4845.137368783862,2425.2931403605344,0.08981502757352941,0.07732549333059488,-171.59983825683594,125.83295440673828,76.36669158935547,39.41572952270508,2.6209683418273926,40.617252349853516,18.3050479888916,23.294429779052734,23.322956085205078,18.36410140991211,24.1050968170166,17.454072952270508,8.979827880859375,14.955087661743164,15.834139823913574,17.929927825927734,0.3125179409980774,14.291707038879395,12.234894752502441,11.921523094177246,11.012751579284668,12.699122428894043,5.9346771240234375,12.521661758422852,-2.595820188522339,9.354948043823242,0.4721660912036896,0.32057976722717285,0.13609595596790314,0.050962403416633606,0.02123481227729894,0.14336282733383754,music\Lil Jon & The East Side Boyz Featuring Lil Scrappy - What U Gon' Do.mp3,0,22,19
